user_id,1-195,1-121,1-120,1-119,1-118,1-117,1-116,1-127,195-127,127-137,137-177,177-215,215-136,136-150,150-149,149-140,140-148,148-152,152-377,1-137,1-177,1-215,1-136,1-150,1-149,1-140,1-148,1-152,1-377,1-248,1-456,1-437,1-277,1-349,1-348,1-347,1-346,1-345,1-447,1-454,195-454,454-323,323-361,361-288,288-397,397-365,365-379,379-378,378-400,400-377,1-323,1-361,1-288,1-397,1-365,1-379,1-378,1-400,1-3772,1-4003,MaskModel,Size
B01098,1.030817986,0.496686637,1.673644185,8.745500565,0.127650052,2.125480175,8.766180038,0.807572901,1.838390946,11.55914783,8.62946701,3.646339178,2.696506739,4.052426815,10.0190649,1.707008481,4.394342899,4.36456728,2.954182148,10.75157547,2.122108936,5.768447876,3.071941376,0.980485201,9.038579941,7.331571102,2.937228203,7.301795483,10.25597763,8.538309097,3.583221197,7.469219208,0.276559591,4.545285702,2.508311749,9.743327141,2.869553804,2.067825317,0.492110103,10.43801308,9.407195091,1.452994347,4.214281082,3.079419136,1.325916171,7.49366045,3.896865368,2.103229523,4.580514908,3.816494465,8.98501873,4.770737648,1.691318631,0.36540255,7.859063148,3.962197781,1.858968496,6.439483166,10.25597763,6.439483166,Vertical Fold,1
B01133,0.787623763,0.307373345,1.510955215,8.887817383,0.061279163,2.016473293,8.928497314,0.609495521,1.397119284,11.44761181,8.81830883,3.467561245,2.671566486,4.162632465,10.45055008,1.976183057,4.381087303,4.576313496,3.045263767,10.83811665,2.019807577,5.487369061,2.815802336,1.346830249,9.103719711,7.127536774,2.746449471,7.322762966,10.36802673,8.69310379,3.562249899,7.372684956,0.41051954,4.627892494,3.004539013,9.822611809,2.629432917,1.97821486,0.378987193,10.17089367,9.38326931,1.375874877,4.140580654,3.162733555,0.589393258,6.877594948,3.974248409,2.052695513,4.525474548,4.089589596,8.795018196,4.654438019,1.491704822,0.902311504,7.77990675,3.80565834,1.752962708,6.278437614,10.36802673,6.278437614,Vertical Fold,1
B01449,0.762298346,0.434723496,1.411331415,8.830130577,0.137832761,1.974266768,8.891737938,0.732050836,1.494349122,11.58413506,8.751526833,3.114364386,2.307741404,4.390794277,10.51700878,2.106675625,4.185070038,4.35115242,3.308454037,10.85208416,2.100557089,5.214921474,2.907180071,1.483614326,9.033394814,6.926719189,2.741648912,7.092801571,10.40125561,8.632863045,3.585095644,7.264722347,0.300202131,4.369399548,3.146701336,9.798116684,2.677964449,2.038861036,0.300860047,10.04147816,9.279179573,1.299729228,4.257173061,3.123683453,0.795700788,7.138474464,3.979380369,2.009311199,4.363829613,4.322452068,8.74174881,4.484576225,1.360892534,0.565191746,7.703665733,3.724285126,1.714973927,6.078803539,10.40125561,6.078803539,Vertical Fold,0
B01618,0.714088798,0.310279429,1.193732381,8.493456841,0.068301708,1.756040335,8.537669182,0.585807085,1.299895883,11.12883854,8.71169281,3.466507435,2.582280397,4.278381348,10.37547302,1.879629493,4.268612862,4.33174324,3.066727638,10.54303169,1.831338882,5.297846317,2.71556592,1.562815547,8.812657356,6.933028221,2.664415121,6.9961586,10.06288624,8.319900513,3.365400791,7.140786171,0.341115892,4.230079651,3.149298668,9.526119232,2.528968811,1.836728334,0.076439604,9.731611252,9.017522812,1.076435328,4.223269463,3.259756327,0.996590197,7.386901855,3.915396214,2.101518631,4.399209023,4.11812973,8.655176163,4.431907177,1.172150493,0.175560266,7.56246233,3.647065878,1.545547366,5.944756508,10.06288624,5.944756508,Vertical Fold,1
B01770,0.79005307,0.463090479,1.375766039,8.682077408,0.136759505,1.875447869,8.71121788,0.744323075,1.534376144,11.41419411,8.718412399,3.412332296,2.471367359,4.270053864,10.2989893,1.910915971,4.283617973,4.361455917,3.094655275,10.66987133,1.951459289,5.363791466,2.892424107,1.377629519,8.921360016,7.010444164,2.726826191,7.088282108,10.18293762,8.482274055,3.358707666,7.236813545,0.248245895,4.263546467,2.936980247,9.638782501,2.656196117,1.89878273,0.227425247,10.09812546,9.308073044,1.334771514,4.302930832,3.088419199,1.123548985,7.413631439,3.950139999,2.059881687,4.413170815,4.117701054,8.763354301,4.46042347,1.372004271,0.248455256,7.662086964,3.711946964,1.652065277,6.065236092,10.18293762,6.065236092,Vertical Fold,1
B01914,0.872630835,0.60230267,1.796348214,8.821723938,0.203823298,2.252573967,8.862869263,0.894478679,1.767109513,11.6781044,8.577185631,3.239723682,2.507124901,4.07532692,10.16557026,1.935294271,4.290784359,4.376749039,3.114718199,10.78362656,2.206440687,5.446164131,2.939039469,1.136287332,9.02928257,7.093988419,2.803204298,7.179953098,10.29467106,8.633230209,3.682404041,7.330392361,0.174545497,4.506878376,2.893998384,9.75944519,2.748485565,2.149483681,0.426518559,10.20746517,9.334835052,1.392267704,4.194079876,2.805416584,1.160665393,7.111877441,3.936909199,2.001824617,4.496155262,3.970336914,8.815197945,4.621117592,1.815701127,0.655035675,7.766912937,3.830003738,1.828179121,6.324334621,10.29467106,6.324334621,Vertical Fold,0
B02181,0.893910229,0.414917231,1.233724117,8.628032684,0.110970065,1.741661906,8.646636009,0.711820245,1.605730534,11.3814249,8.832044601,3.692612886,2.600950003,4.240385532,10.28675175,1.822078228,4.351878166,4.388239861,2.982303619,10.66960526,1.837561131,5.530173779,2.929223776,1.311161757,8.975590706,7.153512478,2.801634073,7.189874172,10.17217827,8.422543526,3.295000315,7.324500561,0.29778555,4.310988903,2.711604834,9.67487812,2.706145048,1.799016237,0.210254267,10.12172413,9.227813721,1.277517557,4.283641338,3.314802885,1.047154546,7.533787251,3.935989857,2.160335779,4.515526772,4.020580769,8.84420681,4.560565472,1.245762825,0.198608264,7.732395649,3.796405792,1.636070013,6.151597023,10.17217827,6.151597023,Vertical Fold,1
B02325,0.647750497,0.4601188,1.423182368,8.568826675,0.142819062,1.905822039,8.638978004,0.747941792,1.395692348,11.28310394,8.628706932,3.297211885,2.413563251,4.389897823,10.35250378,1.918655634,4.202192783,4.338964462,3.101980686,10.53516293,1.906455278,5.203667164,2.790104151,1.599793911,8.752709389,6.834053993,2.631861448,6.970825672,10.07280636,8.396357536,3.219779491,7.079792023,0.223587081,4.122736454,3.39417243,9.489625931,2.547884703,1.905652165,0.039549172,9.781634331,9.133883476,1.116438985,4.338799953,2.892226696,1.218888521,7.290858269,3.927592993,2.010938644,4.270053864,4.235146046,8.665195465,4.326395035,1.43416822,0.215279683,7.506137848,3.578545094,1.567606688,5.837660313,10.07280636,5.837660313,Vertical Fold,0
B02377,0.857178509,0.511717081,1.572122455,8.743244171,0.160764158,2.080809593,8.775949478,0.818545341,1.67572391,11.55888176,8.626606941,3.336740017,2.445343018,4.251499176,10.22181988,1.88524127,4.261859894,4.314845562,3.126767159,10.74033642,2.113729239,5.450469017,3.005125999,1.246372938,8.975446701,7.090205193,2.82834506,7.143190384,10.26995754,8.548039436,3.556940794,7.321238518,0.252759457,4.363583565,2.922750235,9.706410408,2.77200532,2.074725628,0.275708735,10.11761761,9.260439873,1.247165322,4.273973465,3.040506601,1.175757885,7.368943214,3.919932365,2.053573608,4.448328018,4.045977592,8.870452881,4.596479416,1.555972576,0.380214691,7.749157906,3.829226017,1.77565217,6.223980427,10.26995754,6.223980427,Vertical Fold,1
B02460,0.910458326,0.398536026,1.44846797,8.776639938,0.118904561,1.97898078,8.811571121,0.657104731,1.567563057,11.33390236,8.625331879,3.387064219,2.74257803,4.03567028,10.3070879,1.902872324,4.366803169,4.47099781,3.067872047,10.67679787,2.051465511,5.438529491,2.6959517,1.339718699,8.96736908,7.064496517,2.697693586,7.168691635,10.23656368,8.602207184,3.504485369,7.274972439,0.301093608,4.51727438,2.991425991,9.672340393,2.560826302,2.022870541,0.197828561,9.971402168,9.060943604,1.266749144,4.141533375,3.110916138,0.694204867,6.94585371,3.957131386,2.009258509,4.471153736,4.027947903,8.704652786,4.563119411,1.452203035,0.757998228,7.7038517,3.746720314,1.737462044,6.20861578,10.23656368,6.20861578,Vertical Fold,0
B02517,0.644661129,0.444319099,1.633587122,8.952008247,0.134252384,2.147410154,9.00776577,0.764778256,1.409439325,11.67439365,8.818671227,3.177741051,2.315908432,4.384172916,10.4969244,2.09839344,4.177130222,4.383368492,3.292238712,10.90961552,2.090944052,5.268685341,2.95277667,1.431396246,9.065527916,6.967134953,2.790004253,7.173372746,10.46561146,8.76556778,3.682412624,7.278521538,0.32723397,4.471488953,3.209762573,9.834451675,2.72306633,2.046077967,0.2848804,9.90649128,9.26183033,1.135115385,4.177395344,2.968269825,0.837602496,6.950745106,3.961934566,2.055243015,4.404577255,4.339357853,8.77137661,4.593980789,1.625710964,0.788108468,7.738853931,3.776919127,1.721676111,6.126253128,10.46561146,6.126253128,Vertical Fold,0
B02654,0.609385252,0.406001508,1.523065209,8.999412537,0.123219192,2.019013166,9.11213398,0.77265799,1.382043242,11.67648983,8.819074631,3.131227255,2.219802141,4.46965456,10.58852768,2.275049686,4.082399368,4.507780075,3.241276741,10.90383148,2.084756613,5.215983868,2.996181726,1.473473072,9.115054131,6.840004921,2.757605076,7.265385151,10.50666237,8.874162674,3.539160967,7.311113834,0.308088958,4.46632576,3.148149729,9.887071609,2.69016695,2.017117739,0.345959514,10.18742275,9.578037262,1.554983854,4.004720688,3.129610538,0.68526566,6.931437016,3.990053415,2.024876595,4.350741386,4.426571846,8.63243866,4.627717972,1.498107672,0.812841952,7.744278908,3.754225254,1.72934866,6.080090046,10.50666237,6.080090046,Vertical Fold,1
B02692,0.63424933,0.37311241,1.327044487,8.832909584,0.095208734,1.863590598,8.884594917,0.655984521,1.29023385,11.44442749,8.86582756,3.296893835,2.52533865,4.233808994,10.5300827,2.081716061,4.221550941,4.412437916,3.232434273,10.78844261,1.922614813,5.219508648,2.694170237,1.539638638,8.990444183,6.908728123,2.687177181,7.099615097,10.33204937,8.657066345,3.450530291,7.177780628,0.335224718,4.40474844,3.191888332,9.750299454,2.569078684,1.881168842,0.135894492,9.730980873,9.096731186,1.084484935,4.187039852,3.143568277,0.586296797,6.897489548,3.950960875,2.07503581,4.420667171,4.31029892,8.646495819,4.45945549,1.315887451,0.729590654,7.627080441,3.676119328,1.601083517,6.021750927,10.33204937,6.021750927,Vertical Fold,0
B02762,0.678635776,0.49671942,1.548724651,8.781049728,0.15746206,1.970166683,8.822937012,0.827908158,1.506543875,11.56670856,8.77136898,3.592148304,2.563229561,4.291326046,10.27833557,1.866316795,4.35688591,4.475356102,3.032338619,10.73880005,1.967431784,5.559579849,2.996350527,1.294975758,8.983360291,7.117043495,2.760157824,7.235513687,10.26785183,8.578668594,3.389816046,7.3629632,0.246009603,4.41038847,2.841692448,9.714682579,2.712802887,1.865054607,0.397357911,10.24118614,9.562550545,1.410920143,4.272870064,2.964695454,1.208230853,7.345774651,3.982417345,2.066567183,4.463550568,4.123042107,8.830265999,4.557395935,1.592700243,0.38446933,7.73024416,3.747826815,1.681259632,6.1448102,10.26785183,6.1448102,Vertical Fold,0
B02819,0.602066517,0.38741231,1.469533682,8.846417427,0.108780339,1.968575597,8.901590347,0.683604181,1.285670757,11.54558182,8.912050247,3.276762009,2.460586548,4.344002724,10.5779953,2.082809925,4.244431973,4.455730438,3.243413448,10.86197758,1.949927568,5.226689339,2.766103029,1.577899575,9.000095367,6.917285919,2.672853947,7.128584385,10.37199783,8.657619476,3.476587296,7.188236713,0.332002521,4.405287266,3.354034662,9.785220146,2.566722631,1.894790173,0.122811645,9.63543129,9.03336525,0.956246972,4.21367836,2.994422913,0.697302103,6.856025219,3.977368116,2.037787437,4.359559536,4.397788048,8.67918396,4.465506077,1.471082926,0.773780823,7.629805565,3.652437687,1.614650369,5.974210262,10.37199783,5.974210262,Vertical Fold,0
B03176,0.755618155,0.420363247,1.351076365,8.661292076,0.118333101,1.85507679,8.694903374,0.704333186,1.459951282,11.35698128,8.747096062,3.469602108,2.52154398,4.302176952,10.34963608,1.884031296,4.293629169,4.367485046,3.081032753,10.65264797,1.905552268,5.375154495,2.853610277,1.448566437,8.901069641,7.017038822,2.723409653,7.090894699,10.17192745,8.463783264,3.369059324,7.224516392,0.286090374,4.282217026,3.042859554,9.623317719,2.631445169,1.861429572,0.166677311,9.905934334,9.150316238,1.165534496,4.272398949,3.116034269,1.038345337,7.334162235,3.944348097,2.084874392,4.41301918,4.140347004,8.740399361,4.468000889,1.351966739,0.313621402,7.647784233,3.703435898,1.618561506,6.031580448,10.17192745,6.031580448,Vertical Fold,0
B03446,0.934297204,0.529072404,1.771608353,8.968076706,0.18113181,2.27637291,9.017995834,0.837881505,1.77217865,11.74860764,8.609395981,3.132987499,2.388740063,4.234721661,10.28884315,2.002242088,4.258103848,4.398821354,3.228142738,10.91072655,2.301329851,5.434317112,3.045577288,1.189144373,9.09969902,7.097456455,2.839352846,7.238174438,10.46631718,8.785111427,3.674012423,7.402858734,0.261415899,4.481624126,2.934489489,9.859109879,2.787549496,2.233916521,0.372905284,10.17944431,9.245146751,1.290683508,4.166675568,2.979445219,1.115807891,7.211709023,3.951150894,1.967333078,4.39332819,4.152931213,8.888760567,4.722085476,1.742640495,0.626832604,7.838541985,3.88739109,1.920057774,6.313385963,10.46631718,6.313385963,Vertical Fold,0
B03583,0.447667778,0.513595343,1.056062579,8.613426208,0.184448808,1.557611823,8.654854774,0.749046326,1.196714163,11.24853039,8.842619896,3.294255257,2.373412132,4.451963425,10.6021347,2.053552866,4.241290569,4.412937164,3.171673298,10.49948406,1.656865001,4.951120377,2.577708006,1.874255419,8.727879524,6.67432642,2.433035612,6.845972538,10.01764584,8.423051834,3.005115986,6.896666527,0.118721277,3.935925007,3.53468132,9.45566082,2.376825333,1.573526144,0.22976622,9.458304405,9.010637283,1.04675889,4.349902153,2.978220463,0.79557097,7.080600262,3.997658253,2.049385309,4.289481163,4.406756401,8.411545753,4.061643124,1.083422661,0.287851691,7.368452072,3.370793819,1.321408749,5.610889912,10.01764584,5.610889912,Vertical Fold,1
B03616,0.78402406,0.465065241,1.283651352,9.086882591,0.14301911,1.720489502,9.112232208,0.75148344,1.535507441,11.77447319,9.214611053,3.616363525,2.593664885,4.129846573,10.52952671,2.070254087,4.401759148,4.679758072,3.095665455,11.02299023,1.808379412,5.424743176,2.831078291,1.298768401,9.230758667,7.160504818,2.758745909,7.438503742,10.5341692,8.856543541,3.282727957,7.377942562,0.302184373,4.546382904,2.774474144,9.970515251,2.669168234,1.705948591,0.146525353,9.945006371,9.160983086,1.113956451,4.24355793,3.237928391,0.327319831,6.820558071,4.049799442,2.156560183,4.604014874,4.293712139,8.831049919,4.587492466,1.349564075,1.022244215,7.842802048,3.793002605,1.636442542,6.240457535,10.5341692,6.240457535,Vertical Fold,0
B03653,1.025213718,0.156065822,1.514636874,8.871526718,0.039777905,2.040218353,8.887876511,0.397071987,1.422285676,11.37000847,8.915304184,3.584679127,2.780121565,4.007493019,10.37315845,1.931020617,4.295617104,4.336207867,3.13614893,10.97293663,2.057632208,5.642311096,2.86218977,1.145303249,9.227855682,7.296834946,3.001217842,7.337425709,10.47357464,8.656533241,3.617643118,7.475952625,0.739461184,4.316950798,2.656800985,9.943572998,2.732504845,2.049027443,0.415587425,10.04589081,9.020677567,0.943958759,4.375814438,3.196139574,1.221184254,7.598172188,3.507628679,2.583867311,4.421386242,4.236718655,9.101931572,4.726117611,1.529978037,0.308793783,7.906965733,4.399337292,1.81546998,6.236855984,10.47357464,6.236855984,Vertical Fold,1
B03695,0.423162818,0.35969764,1.135639906,8.582210541,0.079483539,1.674432993,8.638739586,0.650360823,1.073523641,11.2675066,8.914963722,3.375174046,2.329511881,4.569906712,10.60243797,1.978123188,4.177998066,4.301484108,3.227484226,10.61714554,1.702181578,5.077355862,2.747843742,1.822062969,8.780375481,6.802251816,2.62425375,6.925737858,10.15322208,8.40111351,3.375865459,7.030305386,0.321200848,4.060091496,3.589480639,9.55106926,2.539414406,1.649865866,0.138358772,9.130271912,8.707109451,0.557824612,4.278655052,3.178195715,0.825304329,7.181704044,3.936897516,2.159252644,4.344779015,4.43259716,8.572446823,4.293791771,1.115596056,0.290291756,7.471996307,3.535098553,1.37584579,5.720624924,10.15322208,5.720624924,Vertical Fold,1
B03893,0.710287869,0.33615455,1.323416591,8.71720314,0.083706528,1.832929969,8.763390541,0.652505457,1.362793326,11.3500042,8.783209801,3.507385492,2.587942839,4.292719841,10.42979717,1.963463426,4.307862759,4.474574089,3.065905094,10.69749928,1.914288998,5.421674252,2.833731413,1.458988309,8.970808983,7.007345676,2.699482918,7.174057007,10.23996162,8.526319504,3.371320963,7.277610779,0.344821632,4.391356468,2.958902836,9.690507889,2.580519676,1.871453643,0.3680529,10.29869461,9.588406563,1.545785427,4.254261494,3.171594381,0.876078546,7.222294807,3.975754261,2.045418501,4.366210461,4.221654892,8.75290966,4.49864769,1.327053666,0.45097506,7.673269272,3.697515249,1.652096748,6.018307209,10.23996162,6.018307209,Vertical Fold,0
B03950,0.697910249,0.551686406,1.53884089,8.622154236,0.190513581,1.999142766,8.687921524,0.828040361,1.52595067,11.34170914,8.462137222,3.180921078,2.437643766,4.185348511,10.18361282,1.894679666,4.258655071,4.338871002,3.066772223,10.51366806,2.051531792,5.232452393,2.794808865,1.390539885,8.793072701,6.898393631,2.63973856,6.978609562,10.04538155,8.467569351,3.381570101,7.138334751,0.14141947,4.190953255,3.258214951,9.501275063,2.596576452,1.984182596,0.05703494,9.896537781,9.198627472,1.278794527,4.232201576,2.834419489,1.276808619,7.291666985,3.933700085,1.973476768,4.394219875,3.992358685,8.617743492,4.385541439,1.551121831,0.274313241,7.565980434,3.63228035,1.658803463,6.053022861,10.04538155,6.053022861,Vertical Fold,0
B04593,0.819245517,0.410622358,1.417769909,8.805150032,0.104817748,1.908337831,8.835739136,0.728544235,1.547789812,11.54375553,8.868589401,3.607102394,2.574673176,4.255704403,10.34622383,1.890787482,4.343243122,4.426331997,3.091138601,10.81521225,1.946622372,5.553724766,2.97905159,1.276652932,9.069570541,7.178783417,2.835540295,7.261872292,10.35301113,8.597385406,3.466970921,7.383769989,0.343858838,4.441920757,2.782890558,9.799373627,2.745125532,1.885729074,0.340523958,10.13942337,9.320178032,1.248532534,4.256409645,3.213468075,0.964112937,7.334630966,3.952075243,2.130723953,4.495383263,4.148896217,8.890891075,4.634480953,1.421012878,0.456899971,7.791531086,3.839455605,1.708731651,6.204114914,10.35301113,6.204114914,Vertical Fold,1
B04624,0.953392684,0.372688472,1.50278914,8.669802666,0.084488094,2.032173872,8.706244469,0.675645828,1.629038572,11.34568405,8.552863121,3.45171237,2.613661766,4.167337418,10.16469479,1.781946421,4.328092098,4.337110519,3.021997213,10.67003918,2.117176533,5.568888664,2.955226898,1.2121104,8.95258522,7.170638561,2.842546225,7.179656506,10.20165348,8.484930038,3.580131769,7.367417336,0.3579624,4.444366455,2.80040288,9.659743309,2.734499693,2.088513613,0.376716822,10.16329479,9.20990181,1.292555809,4.201275349,3.203333855,1.187046766,7.484130383,3.908889055,2.044777393,4.46903038,3.923077106,8.870738983,4.669463158,1.466129184,0.279082358,7.763213158,3.854323864,1.80954659,6.278576851,10.20165348,6.278576851,Vertical Fold,0
B04824,0.887219965,0.346761942,1.572003603,8.754405022,0.077676028,2.097635984,8.796128273,0.651497364,1.538717389,11.43622971,8.653868675,3.358752966,2.549787283,4.205461025,10.27731609,1.894965768,4.282136917,4.358615875,3.129300594,10.78473282,2.130863905,5.489616871,2.939829588,1.265631199,9.011685371,7.116719246,2.83458209,7.193198204,10.32249832,8.564790726,3.641577721,7.35227108,0.382645786,4.496428967,2.894585609,9.750502586,2.714218855,2.106939316,0.414331615,10.21536064,9.328140259,1.319865942,4.213066578,3.139371395,1.087818861,7.317728519,3.918438435,2.036470652,4.419888496,4.084552765,8.895494461,4.68242836,1.543056726,0.455237925,7.772966385,3.85452795,1.818057299,6.237945557,10.32249832,6.237945557,Vertical Fold,0
B04849,0.707206666,0.478607774,1.573475242,8.790653229,0.149022415,2.078368664,8.838276863,0.800522029,1.507728696,11.53041553,8.618213654,3.230051756,2.36529088,4.337530613,10.33809948,1.991677284,4.221171856,4.363728523,3.142741203,10.72989368,2.111680031,5.341731548,2.976440907,1.361089587,8.977009773,6.985332966,2.764160872,7.127889156,10.27063084,8.607330322,3.497481346,7.292353153,0.266366839,4.368068218,3.03920579,9.706212997,2.712613583,2.065746784,0.349671215,10.28171062,9.574503899,1.50809586,4.241282463,2.979426861,1.094189882,7.258576393,3.962954998,2.009751558,4.377900124,4.148144245,8.773614883,4.532332897,1.552906036,0.458716214,7.717292786,3.754337788,1.744586587,6.122486115,10.27063084,6.122486115,Vertical Fold,0
B04934,0.460033119,0.237386674,0.681787729,8.28934288,0.028310716,1.34440732,8.39127636,0.558199763,1.018232822,10.89316559,8.645979881,3.356652021,2.571107864,4.406785011,10.5769434,2.006483078,4.164621353,4.279881477,3.139397621,10.33496571,1.688985586,5.045637608,2.474529743,1.932255149,8.644687653,6.638205051,2.473583698,6.753465652,9.892863274,8.175772667,3.087446213,6.841292858,0.318176299,4.050902367,3.469514132,9.348973274,2.305597782,1.761803031,0.103487074,9.78292942,9.322896957,1.41980505,4.176632404,3.585076332,0.554298222,7.23054409,3.860519171,2.063993692,4.258703232,4.281011105,8.363124847,4.186492443,0.601416111,0.047117844,7.277661324,3.417142391,1.353148699,5.611851692,9.892863274,5.611851692,Vertical Fold,1
B04939,1.128800631,0.444392115,1.78644979,9.06943512,0.11998564,2.254370689,9.107108116,0.747391582,1.876192212,11.71038628,8.694499969,3.417491913,2.720314264,3.919751883,10.18681717,1.918798685,4.396934032,4.56114769,3.034844875,10.96299458,2.268494368,5.685986519,2.965672255,0.954079628,9.232737541,7.313938618,2.917004347,7.478152275,10.51299763,8.874652863,3.690264702,7.54378891,0.355615467,4.794397831,2.557778358,9.949217796,2.790689468,2.219499588,0.532744467,10.42398548,9.295185089,1.42287159,4.147893906,3.061640263,0.802681983,6.987885952,3.979884148,1.996360898,4.534044743,3.978413343,9.001113892,4.853219509,1.791579247,0.988897324,7.976783752,3.996899605,2.000538826,6.534584045,10.51299763,6.534584045,Vertical Fold,0
B05057,0.77484417,0.572556973,1.189640403,8.573312759,0.18876195,1.643189192,8.584858894,0.849448144,1.624292374,11.33001423,8.708685875,3.723156452,2.590064764,4.280388355,10.19651699,1.716765761,4.38760376,4.376508236,2.889728546,10.48056602,1.771880507,5.495037079,2.904972553,1.375415921,8.821101189,7.104335785,2.716732025,7.093240261,9.982969284,8.35674572,3.180525064,7.222045898,0.136949122,4.182742596,2.828395844,9.502885818,2.679857731,1.67135334,0.117293,10.05752563,9.282681465,1.381152868,4.23962307,3.225217342,1.123568058,7.531993866,3.919820547,2.175198793,4.553379536,3.904651165,8.676372528,4.436749458,1.211531878,0.08796379,7.619957447,3.700137138,1.524938226,6.078317642,9.982969284,6.078317642,Vertical Fold,0
B05429,0.985335767,0.373298675,1.511493325,8.899250984,0.083056465,1.987183809,8.927252769,0.652926803,1.63826251,11.51541805,8.848314285,3.548191786,2.739062786,4.014560699,10.30890942,1.919925213,4.376040459,4.531277657,3.034803391,10.86249065,2.01417613,5.562367916,2.82330513,1.19125545,9.117653847,7.197728634,2.821688414,7.352966309,10.3877697,8.686226845,3.512071848,7.388260841,0.368295968,4.620310783,2.744417667,9.836760521,2.67766428,1.967234731,0.33980608,10.00164795,9.016312599,1.134792686,4.156500816,3.171853065,0.72678256,7.015142441,3.954496145,2.087367773,4.555040359,4.0477314,8.866855621,4.710354805,1.53850174,0.811719179,7.826861858,3.872365475,1.784997582,6.340037823,10.3877697,6.340037823,Vertical Fold,0
B05592,1.121596217,0.269389153,1.557508469,8.708395004,0.034368038,2.089896917,8.765413284,0.558878481,1.680474758,11.08879185,8.3272295,3.52059412,2.920290947,3.943594456,9.985809326,1.544135809,4.440412045,4.371955872,2.870491028,10.52991295,2.202684164,5.723278046,2.802987099,1.140607119,8.845202446,7.301066875,2.860654593,7.232610703,10.10310173,8.542333603,3.570029974,7.469688416,0.416637212,4.651367188,2.700729609,9.522215843,2.637476206,2.203804016,0.357031465,10.40076065,9.279164314,1.377340436,4.203388691,3.286182165,1.057150006,7.376216888,3.92489624,1.993391991,4.418701172,3.749773026,9.023420334,4.820031643,1.533849478,0.476699501,7.852916241,3.928020239,1.934628248,6.353329182,10.10310173,6.353329182,Vertical Fold,0
B05598,0.96623826,0.593194366,1.859745026,9.306210518,0.197511166,2.306058884,9.367743492,0.946457326,1.912695527,12.0861578,8.837563515,3.35091424,2.55726862,4.062646389,10.3607769,2.091959,4.33010149,4.629290104,3.121599674,11.13969994,2.302136183,5.653050423,3.095781803,0.966864467,9.393912315,7.301953316,2.971852064,7.60114193,10.72274113,9.131988525,3.788167953,7.62990427,0.288940221,4.883300781,2.5871768,10.12668324,2.897238255,2.218651533,0.569931805,10.54639053,9.580152512,1.539950132,4.092411518,3.020193815,0.492486,6.659412384,4.003531933,2.05841279,4.590007782,4.133916378,9.006441116,4.914029121,1.893835545,1.401349545,8.060762405,4.057230473,1.998817563,6.588825703,10.72274113,6.588825703,Vertical Fold,0
B05605,0.68215692,0.445662081,1.529919505,8.891381264,0.136015937,2.001822948,8.934481621,0.767948508,1.450105429,11.55703449,8.739995003,3.364240408,2.454735041,4.326985836,10.42254543,2.024626732,4.268022537,4.494544029,3.097280979,10.78908634,2.049090624,5.413331032,2.958595991,1.368390083,9.05415535,7.029529095,2.761506319,7.256050587,10.35333157,8.692429543,3.471655846,7.354568005,0.319861621,4.459724903,2.96958971,9.781111717,2.684144735,1.963271141,0.425718367,10.36247349,9.680315971,1.59226203,4.227660179,3.004919767,0.892881274,7.114164352,4.009267807,2.024920702,4.362915516,4.265690327,8.77021122,4.542551041,1.537631035,0.644749761,7.758913994,3.749646187,1.724725604,6.087641239,10.35333157,6.087641239,Vertical Fold,0
B05807,0.856207132,0.286853313,1.648633599,9.092100143,0.059018284,2.139856577,9.167901993,0.600296259,1.456503391,11.61557293,8.845072746,3.225556374,2.546957016,4.146834373,10.50292206,2.134215832,4.298716545,4.608821869,3.217467785,11.01527691,2.170203209,5.395759583,2.848802805,1.298031926,9.204890251,7.070673943,2.771956921,7.380779266,10.59824657,8.919961929,3.594296694,7.405959129,0.424345583,4.670573235,2.908397436,9.972311974,2.623892069,2.099894047,0.482568502,10.31965351,9.463445663,1.47139287,4.131815434,3.082151413,0.668986499,6.878194809,4.021137238,1.958278179,4.369742393,4.364417553,8.848259926,4.716444969,1.634293556,0.965307117,7.843502045,3.822364569,1.864086628,6.233829498,10.59824657,6.233829498,Vertical Fold,1
B05848,0.518434703,0.272364169,1.248687744,8.751250267,0.041082501,1.742301941,8.817053795,0.598106503,1.116541266,11.35997295,9.018093109,3.584143877,2.443211555,4.529088974,10.59922218,1.972427964,4.271712303,4.438658714,3.170988083,10.76186657,1.743772984,5.327917099,2.884705305,1.64438343,8.954838753,6.982410908,2.710698605,7.149357319,10.32034492,8.561463356,3.339299917,7.204414368,0.398140401,4.275345802,3.197505236,9.726650238,2.611274958,1.668204546,0.196925551,9.775619507,9.257184982,1.024363995,4.269233704,3.238111734,0.861473739,7.241239548,3.966218233,2.15811491,4.368520737,4.452481747,8.751255989,4.482022285,1.243910551,0.382436812,7.6236763,3.657458067,1.499343157,5.867863655,10.32034492,5.867863655,Vertical Fold,0
B05883,0.484074473,0.324078649,1.150047541,8.514357567,0.071142614,1.709813237,8.570135117,0.60226804,1.086342573,11.15988541,8.802721977,3.287838697,2.371260643,4.48424387,10.57635403,2.021533251,4.167853832,4.298504353,3.210410595,10.55761623,1.75489378,5.042732716,2.671472073,1.812771678,8.76358223,6.742049217,2.574194908,6.872699261,10.08310986,8.341197014,3.348978519,7.000506878,0.315349936,4.082795143,3.522070408,9.509069443,2.47332406,1.738106966,0.020999834,9.419057846,8.934983253,0.894075632,4.270871162,3.127327204,0.90476346,7.222430229,3.940878868,2.085116148,4.309875011,4.354778767,8.524981499,4.254110813,1.126783729,0.222020224,7.444450855,3.503572226,1.418456078,5.728331089,10.08310986,5.728331089,Vertical Fold,0
B05935,1.010196328,0.60931778,1.641860247,8.895771027,0.219312683,2.142360449,8.996020317,0.93058461,1.940780878,11.72764778,8.486242294,3.191830158,2.447194576,4.189619541,10.20104027,1.917806268,4.305711746,4.433596611,3.102606535,10.79706383,2.310821056,5.502651215,3.055456638,1.134162784,9.066878319,7.14907217,2.843359947,7.276956558,10.37956333,8.775941849,3.63198781,7.461716175,0.188164413,4.470110893,2.795065641,9.799565315,2.785535097,2.192180872,0.315051138,10.28795719,9.277760506,1.428720355,4.132988453,3.110955954,1.040447474,7.295285702,3.984328747,1.961607814,4.459229469,3.996140242,8.859236717,4.726247311,1.615291476,0.574843943,7.870130062,3.885801077,1.924193263,6.383422852,10.37956333,6.383422852,Vertical Fold,1
B06331,0.479817957,0.309186995,0.824523509,8.285673141,0.05355794,1.416993141,8.36382103,0.601236343,1.08105433,11.09345818,8.896141052,3.431769133,2.418526173,4.494015217,10.55934715,1.981756091,4.140490532,4.203266144,3.26872468,10.49222183,1.596081018,5.027850151,2.609323978,1.884691238,8.674655914,6.692899704,2.552409649,6.755675316,10.02439976,8.137543678,3.109009504,6.915672302,0.294454217,3.883004189,3.444170952,9.429372787,2.41768527,1.609540343,0.164323866,9.327533722,8.847716331,0.873194635,4.250762939,3.420905828,1.00893867,7.568009377,3.885737419,2.147139311,4.304985046,4.410551071,8.454339027,4.203576565,0.782670617,0.226267993,7.341741085,3.456003904,1.308864355,5.613849163,10.02439976,5.613849163,Vertical Fold,1
B06483,0.646781564,0.394609571,1.3132267,8.778136253,0.09428151,1.807251573,8.810465813,0.699820757,1.346602321,11.49676895,8.986692429,3.642086744,2.53199625,4.380137444,10.47353172,1.890349388,4.316619873,4.416931629,3.100654602,10.79694843,1.810256362,5.452342987,2.920346975,1.459790349,9.013741493,7.123392105,2.80677247,7.223703861,10.32435799,8.571686745,3.489929914,7.311972141,0.350449055,4.368956566,2.999347448,9.758936882,2.710947037,1.728671074,0.193019956,9.758851051,9.11206913,0.934819102,4.245837688,3.240395308,0.805996537,7.196904659,3.943889618,2.215801477,4.529110432,4.226232529,8.82403183,4.578194141,1.337799072,0.531802535,7.728706837,3.784817457,1.569015861,6.098125935,10.32435799,6.098125935,Vertical Fold,1
B06485,1.177382469,0.571902096,1.766343832,8.743561745,0.174209848,2.260249376,8.797083855,0.892708421,2.070091009,11.65387154,8.463684082,3.398890018,2.532841206,4.034693718,9.908408165,1.736086607,4.287729263,4.282227993,3.002789497,10.76116371,2.297479391,5.696369171,3.163527966,0.871165454,9.037242889,7.301156044,3.013426542,7.295654774,10.29844475,8.576085091,3.708063126,7.497702599,0.253848374,4.525094986,2.563317537,9.746644974,2.955416203,2.284324646,0.330002248,10.23878002,9.061397552,1.238760352,4.169938564,3.076889992,1.373084307,7.533195496,3.871659994,2.058520317,4.558110237,3.7572124,9.000020027,4.830080509,1.753190517,0.38010627,7.913301945,4.041641712,1.983121276,6.541231155,10.29844475,6.541231155,Vertical Fold,1
B06625,0.829598308,0.535336852,1.406371355,8.799069405,0.175668299,1.869301558,8.830516815,0.809337199,1.638935566,11.4554739,8.708582878,3.541751146,2.657042503,4.088932037,10.23710823,1.866361499,4.388207436,4.486447334,2.976346016,10.64613724,1.937554002,5.479305267,2.822262764,1.266669512,8.970438957,7.104077339,2.715869904,7.202317715,10.17866325,8.598747253,3.305375099,7.254239082,0.177931041,4.376987457,2.819719791,9.656648636,2.640343428,1.872453809,0.221211091,10.19957733,9.369978905,1.455967188,4.224958897,3.060952425,0.942465127,7.171693325,3.939261913,2.080251932,4.535106659,3.976143837,8.743610382,4.518651009,1.457698822,0.515233755,7.686927319,3.747665167,1.667413116,6.202519894,10.17866325,6.202519894,Vertical Fold,1
B06727,0.856518567,0.510108829,1.452081323,8.689154625,0.150378793,1.903965712,8.696566582,0.794678569,1.651197076,11.4657383,8.79815197,3.682527304,2.584984064,4.215258121,10.19987869,1.785865426,4.342554569,4.356171131,2.998176098,10.67105961,1.872907162,5.555434704,2.970450401,1.244807601,8.955071449,7.169206619,2.82665205,7.182823181,10.18099976,8.459957123,3.384716749,7.320733547,0.250551462,4.336194515,2.805010557,9.662268639,2.755672455,1.818355203,0.201822817,9.918704033,9.062185287,1.057035446,4.287913322,3.082933903,1.192484617,7.437370777,3.915941,2.171448231,4.546501637,3.986179829,8.861668587,4.573754787,1.490821123,0.298336506,7.735706806,3.819765806,1.648317695,6.19481945,10.18099976,6.19481945,Vertical Fold,1
B06732,0.687042415,0.494633615,1.52467227,8.567764282,0.158284977,2.013421059,8.607657433,0.751110554,1.438153028,11.27300358,8.520969391,3.168639183,2.367044926,4.313229561,10.26697445,1.911738515,4.217717171,4.2781353,3.133124113,10.5218935,2.000923395,5.169562817,2.802517653,1.510711789,8.756263733,6.84452486,2.62680769,6.904943466,10.03806782,8.3805933,3.432802916,7.073195457,0.187535957,4.139155388,3.305332661,9.48179245,2.568834543,1.955094218,0.140475854,9.771159172,9.084116936,1.157207727,4.283677101,2.811565399,1.37050426,7.365311146,3.925695181,1.983641624,4.320999146,4.112889767,8.613951683,4.330274105,1.518708706,0.148204342,7.513515472,3.587820053,1.604178309,5.925177574,10.03806782,5.925177574,Vertical Fold,0
B06763,0.377748728,0.443527848,1.178857327,8.559256554,0.132229924,1.699834704,8.600410461,0.734939814,1.112688541,11.29032326,8.844408989,3.416711807,2.348111153,4.551409245,10.57073498,1.991698146,4.18823719,4.30361414,3.164279461,10.55538368,1.710974216,5.127686501,2.779575109,1.771834135,8.798900604,6.807202339,2.618964672,6.922578812,10.08685875,8.368814468,3.285640955,7.060649872,0.233481824,4.08689785,3.387678385,9.533804893,2.562751293,1.642063856,0.080748647,9.680678368,9.302928925,1.112760544,4.327656746,3.046441793,0.971841455,7.262518406,3.955052137,2.150486231,4.368134499,4.339766026,8.56791687,4.240260601,1.193818808,0.221977383,7.48449564,3.529443502,1.378957391,5.747092247,10.08685875,5.747092247,Vertical Fold,0
B06832,0.519256651,0.410330296,1.227743506,8.628829002,0.117408857,1.754690647,8.665929794,0.680558741,1.199815392,11.2611084,8.790412903,3.42948699,2.515527725,4.344827175,10.48703194,1.951131225,4.267285824,4.393978596,3.090724468,10.58055019,1.790138006,5.219624996,2.704097271,1.640730023,8.846302032,6.895171165,2.627885342,7.021863937,10.11258793,8.442576408,3.301203251,7.171980858,0.262868404,4.222785473,3.312275648,9.564728737,2.53507185,1.737916231,0.013767928,9.709093094,9.189836502,1.106132507,4.261689663,3.09926033,0.792683125,7.110793114,3.961532593,2.108892918,4.402090549,4.220802307,8.602960587,4.341270924,1.242010474,0.449327379,7.560120583,3.59858799,1.489695191,5.891785622,10.11258793,5.891785622,Vertical Fold,0
B06909,0.738726199,0.532455742,1.419672608,8.688509941,0.167243928,1.902651787,8.712915421,0.821851969,1.560578108,11.49529552,8.765929222,3.485464573,2.45731926,4.285797596,10.27690315,1.870378852,4.288882732,4.337844849,3.083267689,10.67344284,1.907513618,5.392978191,2.93565917,1.350138307,8.926764488,7.056385994,2.767503262,7.10534811,10.1886158,8.480713844,3.434708595,7.247335434,0.211337209,4.267039776,2.961071491,9.646544456,2.720282316,1.853565454,0.191439688,9.920760155,9.182034492,1.162086487,4.266696453,3.043666363,1.119093657,7.343877316,3.922311306,2.136468649,4.515028954,4.059272766,8.758673668,4.491977215,1.448310852,0.329217315,7.673094273,3.750783205,1.614314556,6.129343033,10.1886158,6.129343033,Vertical Fold,0
B06952,0.240923464,0.481098533,1.356225133,8.84664917,0.16419217,1.838680506,8.911284447,0.790509582,1.031433105,11.57822037,8.97959137,3.160547495,2.174302101,4.636722565,10.77116585,2.258181572,4.108746529,4.442910671,3.319933891,10.78771019,1.808119416,4.968666553,2.794364452,1.842357993,8.928808212,6.670627117,2.56188035,7.00479126,10.32472515,8.665895462,3.394744158,7.065224648,0.227259278,4.166411877,3.598498106,9.717112541,2.527755976,1.706827998,0.128016993,9.660726547,9.419803619,1.192048192,4.218342304,2.868994236,0.660848618,6.781910419,4.009287357,2.080219269,4.312671661,4.599156857,8.468678474,4.25033617,1.381341934,0.720493317,7.502403736,3.49311614,1.412896872,5.725568771,10.32472515,5.725568771,Vertical Fold,0
B07303,1.09061408,0.550936162,1.459793568,8.572525024,0.201897323,1.980206609,8.598205566,0.808428228,1.899042368,11.29350185,8.365323067,3.384785414,2.658966064,4.0640769,10.05930614,1.774665713,4.380574703,4.303357124,3.001821041,10.48507404,2.119751453,5.504536629,2.845570564,1.218506336,8.840799332,7.066133499,2.685558796,6.98891592,9.990736961,8.3891716,3.375498295,7.185259342,0.118273497,4.322467804,2.876232624,9.510684013,2.627909184,2.112097025,0.382171214,10.44885349,9.358239174,1.736827135,4.171033382,3.095244169,1.255914211,7.426995277,3.860853672,1.974155784,4.468332767,3.74058342,8.712026596,4.540993214,1.445749044,0.189834833,7.616829872,3.7559762,1.781820536,6.250153542,9.990736961,6.250153542,Vertical Fold,0
B07334,0.509822547,0.308517367,1.028350592,8.784683228,0.069648027,1.577675104,8.847148895,0.622681916,1.132504463,11.42051506,9.12010479,3.510359764,2.599912882,4.23025322,10.70118713,2.147570133,4.243183136,4.49717617,3.163197517,10.79783249,1.677728653,5.18808794,2.588175297,1.642078161,9.059108734,6.911538601,2.668355465,7.165531635,10.32872963,8.615671158,3.366683483,7.133589745,0.377382338,4.416695118,3.151111364,9.782819748,2.49197197,1.671895981,0.116163492,9.737582207,9.227760315,1.124095917,4.178840637,3.379766703,0.21277684,6.755360126,3.930212498,2.234923601,4.512447357,4.383955956,8.61348629,4.43464613,1.054879427,0.842102647,7.597462654,3.667250156,1.432326674,5.944773674,10.32872963,5.944773674,Vertical Fold,1
B07450,0.681709886,0.373672694,1.240104198,8.600802422,0.086757541,1.781457663,8.687940598,0.681555271,1.363265157,11.36708069,8.79659462,3.367851019,2.430935383,4.377614498,10.43741798,1.96133554,4.216671467,4.321289539,3.198736906,10.68552494,1.888930798,5.256781578,2.825846434,1.551768184,8.885649681,6.924314022,2.707642794,7.028932095,10.22766876,8.453026772,3.379749537,7.151860714,0.318707883,4.214055538,3.190106153,9.641728401,2.606800556,1.866693258,0.068829954,9.700865746,9.019155502,1.005351543,4.243550301,3.251889229,0.934286594,7.325119019,3.924445868,2.085136175,4.366734505,4.279611111,8.695513725,4.451963425,1.200073719,0.265787184,7.590905666,3.666459799,1.581323743,5.948058128,10.22766876,5.948058128,Vertical Fold,0
B07899,0.258296371,0.345418602,0.883288324,8.579799652,0.077003613,1.447307348,8.640006065,0.657731295,0.916027665,11.36868572,9.198413849,3.435842752,2.244434118,4.631663322,10.78939629,2.178937197,4.095716953,4.311181545,3.342690945,10.71095467,1.512541294,4.948383808,2.703949928,1.927713633,8.861681938,6.682744503,2.587028503,6.898209572,10.24090004,8.396336555,3.228910208,6.970196724,0.313324481,4.003897667,3.503033161,9.644380569,2.502270937,1.5004462,0.065091997,9.368395805,9.110098839,0.870814562,4.297335625,3.322585583,0.623140097,7.173089504,3.945430279,2.233107328,4.35695219,4.634876728,8.497580528,4.20024538,0.877659798,0.254519641,7.427608967,3.482178926,1.249071598,5.606023788,10.24090004,5.606023788,Vertical Fold,0
B07925,0.549935162,0.487085044,1.420575738,8.778086662,0.159099326,1.900336146,8.815142632,0.777469575,1.327404737,11.51263523,8.785326958,3.337646961,2.429275274,4.387612343,10.4864006,2.008855343,4.272824287,4.449391365,3.131055832,10.73516655,1.949839115,5.287486076,2.858210802,1.529401541,8.956998825,6.948143005,2.675318241,7.124710083,10.25576591,8.577045441,3.353337288,7.205367088,0.234748051,4.284279346,3.171161175,9.692203522,2.620812416,1.875468135,0.150742009,10.06473637,9.514800072,1.3448596,4.299329758,2.983058691,0.902683079,7.085250378,3.958270073,2.055533886,4.405225277,4.244290352,8.719876289,4.420546055,1.437487245,0.534804165,7.620054245,3.661784172,1.606250405,6.011475086,10.25576591,6.011475086,Vertical Fold,0
B08075,0.522565842,0.442352891,1.156072378,8.551416397,0.142202526,1.68081975,8.592874527,0.682463527,1.205029368,11.18349457,8.767765045,3.25082469,2.406785011,4.376235008,10.52681732,2.038061619,4.20773983,4.360760212,3.179159641,10.50103092,1.733265638,4.984090328,2.577305555,1.798929214,8.727888107,6.689826488,2.48208642,6.842846394,10.02200603,8.36885643,3.163980722,6.942710876,0.197668374,4.007974148,3.522550344,9.463030815,2.39316678,1.69132483,0.141124427,9.446091652,8.92352581,1.005766511,4.298019409,2.986837626,0.926064312,7.179289818,3.984461784,2.031771898,4.288379192,4.341166496,8.440325737,4.142305851,1.155468464,0.229404122,7.408694267,3.424232483,1.392460585,5.680839539,10.02200603,5.680839539,Vertical Fold,0
B08136,0.974603772,0.465678424,1.611883163,8.892408371,0.123457611,2.116553783,8.914282799,0.795883656,1.770487428,11.71838379,8.780151367,3.522562504,2.509351492,4.196883202,10.20563507,1.888090372,4.29756403,4.361484051,3.093173981,10.92250061,2.142349243,5.664911747,3.155560493,1.041322947,9.164312363,7.276222229,2.978658199,7.34014225,10.43331623,8.675443649,3.634055614,7.475221157,0.349687785,4.585273743,2.600957394,9.887248039,2.926854372,2.136933804,0.51365906,10.48480797,9.510204315,1.473834395,4.230707169,3.18952322,1.007105827,7.304435253,3.890480757,2.118451595,4.557667255,3.996508598,9.01097393,4.780266285,1.590743303,0.583637476,7.888072968,3.997591972,1.879140377,6.436807632,10.43331623,6.436807632,Vertical Fold,0
B08207,0.908035755,0.316759944,1.620509267,8.824193954,0.067332014,2.161301374,8.87620163,0.637781978,1.545817733,11.44478321,8.599541664,3.312752724,2.584547281,4.167451859,10.30948734,1.945459843,4.297875404,4.432948112,3.09124279,10.80700111,2.207459927,5.52021265,2.935665369,1.231786609,9.077700615,7.132241249,2.834365845,7.267313957,10.35855675,8.649814606,3.716564894,7.407543182,0.407807529,4.62069273,2.84493494,9.797843933,2.704546213,2.198622465,0.534060061,10.44962883,9.541592598,1.571519613,4.144555569,3.145077705,0.936783671,7.17638588,3.952028275,1.993534923,4.437405586,4.038636684,8.878108978,4.733552933,1.588475108,0.651691496,7.828077793,3.876049519,1.882514596,6.31992054,10.35855675,6.31992054,Vertical Fold,0
B08298,0.73301214,0.516786456,1.559914112,8.767393112,0.152706727,1.982995272,8.803338051,0.821011901,1.554023981,11.53679752,8.768174171,3.511407852,2.491763592,4.254443645,10.24812603,1.885005832,4.299958229,4.412366867,3.060728312,10.71578598,1.947611809,5.459020138,2.967256308,1.287187219,8.960938454,7.075932503,2.775974512,7.188341141,10.24906921,8.556592941,3.382645607,7.283827782,0.235492736,4.371021271,2.904434204,9.685608864,2.718107939,1.872289777,0.31813252,10.10949898,9.376486778,1.304849267,4.284898758,2.918379307,1.220719337,7.317908287,3.947226763,2.090026617,4.453136921,4.134625912,8.804649353,4.519751072,1.601371765,0.380652398,7.698559761,3.751333475,1.661306858,6.114443779,10.24906921,6.114443779,Vertical Fold,0
B08474,1.070281506,0.567382216,1.909922838,8.814813614,0.184126943,2.364981651,8.840091705,0.873838365,1.944119811,11.65598965,8.454297066,3.376092434,2.611572742,4.020084858,9.989070892,1.797842979,4.339941502,4.358508587,3.032812595,10.78215122,2.327852726,5.70394516,3.092372417,0.927712381,9.061358452,7.263515949,2.923573971,7.282082558,10.31489563,8.610208511,3.734757662,7.45740366,0.237387046,4.614731312,2.623193026,9.779979706,2.850584269,2.30048871,0.554738164,10.5579195,9.487638474,1.57719779,4.185219765,2.866632938,1.404077172,7.340834141,3.884879589,1.996796727,4.509229183,3.821714878,8.980722427,4.795502663,1.928869605,0.524792433,7.865627289,3.980747223,1.983950496,6.493179321,10.31489563,6.493179321,Vertical Fold,0
B08533,0.75681901,0.44015944,1.669770122,8.810011864,0.121047348,2.1457932,8.874731064,0.760664046,1.517482996,11.53966141,8.656527519,3.318537712,2.449469566,4.322291374,10.35217094,1.922145486,4.287379265,4.358842373,3.178828955,10.77899742,2.122470856,5.441008568,2.991539001,1.330752254,9.021417618,7.099272251,2.811893225,7.170735359,10.34956455,8.636333466,3.657541752,7.33356905,0.29637441,4.435482025,3.063854694,9.761376381,2.740722656,2.035504103,0.343132198,10.00005341,9.243234634,1.144574642,4.214437962,2.980486155,1.140364766,7.233777046,3.955091476,2.043769598,4.409942627,4.184515953,8.855478287,4.641040325,1.660554528,0.520189643,7.753966808,3.798875332,1.755105734,6.165048599,10.34956455,6.165048599,Vertical Fold,0
B08668,0.861276329,0.482373297,1.708569407,8.94536972,0.137130171,2.189195871,8.993697166,0.80493021,1.666206479,11.72551823,8.761782646,3.404899359,2.45676589,4.291624069,10.30638504,1.94991529,4.269324303,4.401974201,3.15387845,10.92058754,2.158804178,5.563703537,3.106937647,1.184686661,9.12169838,7.17178297,2.902458906,7.304432869,10.45831108,8.755272865,3.649727345,7.428729534,0.320318699,4.507920265,2.901493311,9.871003151,2.871320486,2.09086132,0.331574678,10.0880537,9.226777077,1.166510582,4.213778973,3.028923273,0.995199382,7.172158241,3.943938732,2.082473755,4.513551235,4.115372658,8.921543121,4.707764149,1.678840876,0.683641434,7.855799675,3.91186142,1.829387665,6.342938423,10.45831108,6.342938423,Vertical Fold,0
B08726,0.850834727,0.519649684,1.129922986,8.765985489,0.168394297,1.575287461,8.79178524,0.800406933,1.65124166,11.57221603,9.107434273,3.646656036,2.533830643,4.11196661,10.34987736,2.042069912,4.281403065,4.463903427,3.093394756,10.77180958,1.664375544,5.311031818,2.777200937,1.334765553,9.015111923,6.973041534,2.69163847,7.155541897,10.24893665,8.530475616,3.030415535,7.146502972,0.188976526,4.202269077,2.722824335,9.733735085,2.597901344,1.624121547,0.024425238,9.903831482,9.052996635,1.22218132,4.22039175,3.254853249,0.952900946,7.381878853,3.916999817,2.221153021,4.56860733,4.183098793,8.681650162,4.461258888,1.206405401,0.253504515,7.635383129,3.718383551,1.497230649,6.06583786,10.24893665,6.06583786,Vertical Fold,1
B08850,0.557479084,0.445844978,1.310801744,8.714655876,0.130032748,1.844908476,8.779374123,0.743222952,1.300702095,11.48721695,8.84948349,3.183469296,2.20216465,4.510553837,10.52871227,2.086108923,4.1220994,4.296401024,3.299242258,10.74399471,1.894510746,5.077979565,2.875815153,1.634738564,8.893973351,6.807864666,2.685765028,6.98216629,10.28140831,8.540530205,3.39041543,7.108561039,0.275931329,4.109191418,3.366040468,9.666312218,2.629881859,1.857518196,0.019317865,9.612286568,9.054807663,0.950244069,4.305687428,3.081891298,0.981528103,7.273445129,3.943470478,2.079204559,4.318069458,4.419632435,8.662042618,4.35635519,1.274463892,0.292935789,7.566381454,3.622910738,1.543706298,5.861775875,10.28140831,5.861775875,Vertical Fold,1
B08944,0.150997564,0.466652572,1.175053,8.575251579,0.154769048,1.66342032,8.639678001,0.736569226,0.887566805,11.25767422,8.853295326,3.141802549,2.149130821,4.656707287,10.68370152,2.125698328,4.102986336,4.345291138,3.261068344,10.52110481,1.667809248,4.809612274,2.660481215,1.996225834,8.687475204,6.561777115,2.458790779,6.804081917,10.06515026,8.397418022,3.126696587,6.902992725,0.192876533,3.877968788,3.846932888,9.454902649,2.414230108,1.584605455,0.273925424,9.178998947,9.028000832,0.78789854,4.336856842,2.86337471,0.989186406,7.132928848,3.975849628,2.083990097,4.22519207,4.565186977,8.39109993,4.054243088,1.190868378,0.201682001,7.334610939,3.358761311,1.274771214,5.499963284,10.06515026,5.499963284,Vertical Fold,1
